,accuracy,formatted_address,google_place_id,input_string,latitude,longitude,number_of_results,postcode,status,type
0,ROOFTOP,"770 W 47th St, Kansas City, MO 64112, USA",ChIJr2S707fvwIcRG_68FK3KDx8,"770 W 47th St,Kansas City,Missouri,United States",39.0428858,-94.5958596,1,64112,OK,premise
1,RANGE_INTERPOLATED,"12500 Mylla St, Houston, TX 77015, USA",EiYxMjUwMCBNeWxsYSBTdCwgSG91c3RvbiwgVFggNzcwMTUsIFVTQSIbEhkKFAoSCeuRPOlFo0CGEaNPYaqkq9vqENRh,"12500 block of Mylla St,Houston,Texas,United States",29.7625879,-95.2154561,1,77015,OK,street_address
2,ROOFTOP,"5800 N 15th St, Philadelphia, PA 19141, USA",ChIJg5q0cXm3xokRiJHfCjDMVdc,"5800 block of N 15th St,Philadelphia,Pennsylvania,United States",40.0415651,-75.1464091,1,19141,OK,premise
3,RANGE_INTERPOLATED,"847 University Dr N, Montgomery, AL 36104, USA",Ei44NDcgVW5pdmVyc2l0eSBEciBOLCBNb250Z29tZXJ5LCBBTCAzNjEwNCwgVVNBIhsSGQoUChIJjV4ACwqBjogRyapBMLk34BoQzwY,"847 N University Dr,Montgomery,Alabama,United States",32.3656319,-86.297387,1,36104,OK,street_address
4,ROOFTOP,"3716 N 15th St, Philadelphia, PA 19140, USA",ChIJh1rvt_e3xokRUgVj1aSKB2o,"3716 N 15th St,Philadelphia,Pennsylvania,United States",40.010029,-75.153031,1,19140,OK,street_address
5,GEOMETRIC_CENTER,"E Roosevelt Ave & E 38th St, Tacoma, WA 98404, USA",EjJFIFJvb3NldmVsdCBBdmUgJiBFIDM4dGggU3QsIFRhY29tYSwgV0EgOTg0MDQsIFVTQSJmImQKFAoSCSfCGhV1_5BUEaXh1bXXZDypEhQKEgknwhoVdf-QVBGl4dW112Q8qRoUChIJh9VMSHT_kFQRSRC1nR3dhGkaFAoSCTUbjFWZ_5BUEROjZP5LmnSUIgoN6qslHBXwawu3,"E 38th St and E Roosevelt Ave,Tacoma,Washington,United States",47.22308899999999,-122.398824,1,98404,OK,intersection
6,ROOFTOP,"200 Young St, Greenwood, MS 38930, USA",ChIJsW1Xc9ttKoYR1UTAHJsROhs,"200 Young St,Greenwood,Mississippi,United States",33.5191121,-90.17406319999999,1,38930,OK,premise
7,ROOFTOP,"3500 W Lake St, Chicago, IL 60624, USA",ChIJEdFVorkyDogRVXFANh3J7KM,"3500 block of W Lake St,Chicago,Illinois,United States",41.8849698,-87.7137403,1,60624,OK,premise
8,ROOFTOP,"6346 Midlothian Turnpike, Richmond, VA 23225, USA",ChIJOVbACmASsYkRuVB_7RTsOg0,"6346 Midlothian Turnpike,Richmond,Virginia,United States",37.50445759999999,-77.5144974,1,23225,OK,street_address
9,ROOFTOP,"1100 Fillmore St, San Francisco, CA 94115, USA",ChIJh-ohD7uAhYAR38L4fpy5NnM,"1100 Fillmore St,San Francisco,California,United States",37.7798911,-122.4317277,1,94115,OK,premise
10,ROOFTOP,"7300 S Artesian Ave, Chicago, IL 60629, USA",ChIJ9wXbosMvDogR7_3-5ccrEUk,"7300 block of S Artesian Ave,Chicago,Illinois,United States",41.7608928,-87.68463539999999,1,60629,OK,premise
11,ROOFTOP,"4900 Plover Ave, St. Louis, MO 63120, USA",ChIJCdr65qlL34cRAvGRjbeq2fc,"4900 block of Plover Ave,Saint Louis,Missouri,United States",38.69508800000001,-90.256312,1,63120,OK,street_address
12,ROOFTOP,"216 Buffalo Ave, Brooklyn, NY 11213, USA",ChIJy0pVvnxcwokRGEdFG1collg,"216 Buffalo Ave,Brooklyn,New York,United States",40.6717419,-73.9254996,1,11213,OK,premise
13,RANGE_INTERPOLATED,"1800 S Kildare Ave, Chicago, IL 60623, USA",EioxODAwIFMgS2lsZGFyZSBBdmUsIENoaWNhZ28sIElMIDYwNjIzLCBVU0EiGxIZChQKEglrTrbnVTIOiBGaCQ9itamQ_hCIDg,"1800 S Kildare Ave,Chicago,Illinois,United States",41.8569164,-87.7325766,1,60623,OK,street_address
14,ROOFTOP,"443 E Shelby Dr, Memphis, TN 38109, USA",ChIJzVxUWTxj1YcR-i5QGPYNPww,"443 E Shelby Dr,Memphis,Tennessee,United States",35.02062799999999,-90.04922719999999,1,38109,OK,street_address
15,ROOFTOP,"419 E 5th St, Dayton, OH 45402, USA",ChIJweULQP6DQIgRPId6Q3SlyJA,"419 E 5th St,Dayton,Ohio,United States",39.7574041,-84.1843796,1,45402,OK,premise
16,RANGE_INTERPOLATED,"2900 W Roosevelt Rd, Chicago, IL 60612, USA",EisyOTAwIFcgUm9vc2V2ZWx0IFJkLCBDaGljYWdvLCBJTCA2MDYxMiwgVVNBIhsSGQoUChIJQ8IOyYIyDogRmw_A-TSx_cAQ1BY,"2900 block of W Roosevelt Rd,Chicago,Illinois,United States",41.8667752,-87.6985019,1,60612,OK,street_address
17,ROOFTOP,"7101 Gateway Blvd W, El Paso, TX 79925, USA",ChIJ569oBgNb54YR1Q_cuqsExuk,"7101 Gateway Blvd,El Paso,Texas,United States",31.7766542,-106.3847934,1,79925,OK,street_address
18,RANGE_INTERPOLATED,"200 N Broad St, Suffolk, VA 23434, USA",EiYyMDAgTiBCcm9hZCBTdCwgU3VmZm9saywgVkEgMjM0MzQsIFVTQSIbEhkKFAoSCeHMmzkKD7CJEdB_UnTR3pcmEMgB,"200 block of N Broad St,Suffolk,Virginia,United States",36.7315724,-76.5931368,1,23434,OK,street_address
19,ROOFTOP,"1280 E Long St, Columbus, OH 43203, USA",ChIJNWG3Q-GIOIgRMoanb1zhqTQ,"1280 E Long St,Columbus,Ohio,United States",39.9690292,-82.9671889,1,43203,OK,premise
20,ROOFTOP,"2600 Carroll St, Philadelphia, PA 19142, USA",ChIJaYOTfBDExokR0RgBnXY-DLw,"2600 block of Carroll St,Philadelphia,Pennsylvania,United States",39.9175573,-75.2336059,1,19142,OK,premise
21,ROOFTOP,"7050 Miller Ave, Gilroy, CA 95020, USA",ChIJlxu7aFLikYARhVedoAXH1GY,"7050 Miller Ave,Gilroy,California,United States",36.9976936,-121.5854702,1,95020,OK,street_address
22,RANGE_INTERPOLATED,"16964 54th Ave, Chippewa Falls, WI 54729, USA",Ei0xNjk2NCA1NHRoIEF2ZSwgQ2hpcHBld2EgRmFsbHMsIFdJIDU0NzI5LCBVU0EiHBIaChQKEgmh-Aai1aj4hxEhPCK2laiIExDEhAE,"16964 54th Ave,Chippewa Falls (Lafayette),Wisconsin,United States",44.9205224,-91.32783909999999,1,54729,OK,street_address
23,ROOFTOP,"637 T St NW, Washington, DC 20001, USA",ChIJe0XYsPq3t4kRRdU3iYMWHnc,"637 T St NW,Washington,District of Columbia,United States",38.9158142,-77.02135380000001,1,20001,OK,street_address
24,RANGE_INTERPOLATED,"3938 W Roosevelt Rd, Chicago, IL 60624, USA",EiszOTM4IFcgUm9vc2V2ZWx0IFJkLCBDaGljYWdvLCBJTCA2MDYyNCwgVVNBIhsSGQoUChIJ4-gsyPEyDogRSroV8fC-SswQ4h4,"3938 W Roosevelt Rd,Chicago,Illinois,United States",41.8661792,-87.724397,1,60624,OK,street_address
25,ROOFTOP,"505 N Rock Rd, Wichita, KS 67206, USA",ChIJFR5HocH8uocRnrRZ5KnaORA,"505 N Rock Rd,Wichita,Kansas,United States",37.696061,-97.246144,1,67206,OK,street_address
26,ROOFTOP,"1555 Linden Blvd, Brooklyn, NY 11212, USA",ChIJ429zRvBcwokRXcMs46SsmIQ,"1555 Linden Blvd,Brooklyn,New York,United States",40.65648119999999,-73.90282189999999,1,11212,OK,premise
27,GEOMETRIC_CENTER,"E 10th Ave, Kennewick, WA, USA",Eh5FIDEwdGggQXZlLCBLZW5uZXdpY2ssIFdBLCBVU0EiLiosChQKEgmDAiJpS3-YVBHqaAZmWDp6ORIUChIJo03151R4mFQR4IqMrq19fXg,"E 10th Ave,Kennewick,Washington,United States",46.1981784,-119.1041854,1,,OK,route
28,ROOFTOP,"21901 Roscoe Blvd, Canoga Park, CA 91304, USA",ChIJq0h7tV-cwoAR06k6rRih2Sw,"21901 Roscoe Boulevard,Canoga Park,California,United States",34.220124,-118.6047055,1,91304,OK,premise
29,ROOFTOP,"3900 Roosevelt Rd, Chicago, IL 60624, USA",ChIJX2di7vEyDogRmKqv2lcjOJQ,"3900 block of Roosevelt Rd,Chicago,Illinois,United States",41.8664388,-87.72286319999999,1,60624,OK,street_address
30,ROOFTOP,"2300 15th St NE, Washington, DC 20018, USA",ChIJE6wBCIrHt4kRwQDIVxen7pA,"2300 block of 15th St NE,Washington,District of Columbia,United States",38.9208864,-76.98241809999999,1,20018,OK,street_address
31,ROOFTOP,"501 Waddell Ave, Clairton, PA 15025, USA",ChIJNwcAovLkNIgRApIemT0TXYU,"501 Waddell Ave,Clairton,Pennsylvania,United States",40.2943206,-79.8865699,1,15025,OK,street_address
32,ROOFTOP,"2800 Boarman Ave, Baltimore, MD 21215, USA",ChIJFxo3BeEayIkRCOzUFuBqm5Q,"2800 block of Boarman Ave,Baltimore,Maryland,United States",39.3380816,-76.6678805,1,21215,OK,premise
33,ROOFTOP,"2401 N Lake Shore Dr, Chicago, IL 60614, USA",ChIJ8Tl6UXDTD4gRLaP0vITFg6Y,"2401 N Lake Shore Dr,Chicago,Illinois,United States",41.9270754,-87.6306663,1,60614,OK,premise
34,ROOFTOP,"3427 W Fulton Blvd, Chicago, IL 60624, USA",ChIJ11d0HroyDogRDhHL6Oh0gxI,"3427 W Fulton Blvd,Chicago,Illinois,United States",41.8861073,-87.712267,1,60624,OK,premise
35,GEOMETRIC_CENTER,"E Colgate St & N Elder Ave, Lubbock, TX 79403, USA",EjJFIENvbGdhdGUgU3QgJiBOIEVsZGVyIEF2ZSwgTHViYm9jaywgVFggNzk0MDMsIFVTQSJmImQKFAoSCZNQr1pZE_6GEYbEMgFbGMMuEhQKEgmTUK9aWRP-hhGGxDIBWxjDLhoUChIJN-mfIFkT_oYR6iKIjWhZJeQaFAoSCfE39mZZE_6GEWsfi2Z-dc0LIgoNnFQHFBUUGVLD,"N Elder Ave and E Colgate St,Lubbock,Texas,United States",33.6024732,-101.8029804,1,79403,OK,intersection
36,ROOFTOP,"6989 San Pedro Ave, San Antonio, TX 78216, USA",ChIJWennz-VfXIYRRfO9lkkxBsg,"6989 San Pedro Ave,San Antonio,Texas,United States",29.5076073,-98.4998754,1,78216,OK,subpremise
37,ROOFTOP,"1572 Hardee St NE, Atlanta, GA 30307, USA",ChIJYbEbMUsB9YgRk22BQ8goWRs,"1572 Hardee St NE,Atlanta,Georgia,United States",33.7555946,-84.3366827,1,30307,OK,premise
38,ROOFTOP,"4600 W Erie St, Chicago, IL 60644, USA",ChIJnR7RVykzDogR5Da-0_oRgvs,"4600 block of W Erie St,Chicago,Illinois,United States",41.8925255,-87.74139459999999,1,60644,OK,street_address
39,RANGE_INTERPOLATED,"7900 S Loomis Blvd, Chicago, IL 60620, USA",Eio3OTAwIFMgTG9vbWlzIEJsdmQsIENoaWNhZ28sIElMIDYwNjIwLCBVU0EiGxIZChQKEglnb6aDnS8OiBFzd_S_vk4agBDcPQ,"7900 block of S Loomis Blvd,Chicago,Illinois,United States",41.7504168,-87.65858349999999,1,60620,OK,street_address
40,ROOFTOP,"5433 Lansdowne Ave, Philadelphia, PA 19131, USA",ChIJq6rquiTHxokRijw4qT65zNg,"5433 Lansdowne Ave,Philadelphia,Pennsylvania,United States",39.9773826,-75.23122430000001,1,19131,OK,street_address
41,RANGE_INTERPOLATED,"5901 Royal Palms St, Houston, TX 77021, USA",Eis1OTAxIFJveWFsIFBhbG1zIFN0LCBIb3VzdG9uLCBUWCA3NzAyMSwgVVNBIhsSGQoUChIJwXIBiz2-QIYRMPXz1wfOMsEQjS4,"5901 Royal Palms St,Houston,Texas,United States",29.697754,-95.331251,1,77021,OK,street_address
42,ROOFTOP,"3900 Martin Luther King Jr Ave SW, Washington, DC 20032, USA",ChIJU3X8wAe6t4kRtR7JS9BqsZA,"3900 Martin Luther King Jr Ave SW,Washington,District of Columbia,United States",38.8324029,-77.0087428,1,20032,OK,premise
43,GEOMETRIC_CENTER,"Clio Rd & Myrtle Ave, Flint, MI 48504, USA",EipDbGlvIFJkICYgTXlydGxlIEF2ZSwgRmxpbnQsIE1JIDQ4NTA0LCBVU0EiZiJkChQKEgkz3_7yGoMjiBHg2O2nACDcUxIUChIJM9_-8hqDI4gR4NjtpwAg3FMaFAoSCYcHUCzshCOIEbYzKc0qJc3VGhQKEglhC1lYGoMjiBFcZlkJsXhlHSIKDRr4qBkV8mcXzg,"Clio Rd and Myrtle St,Flint,Michigan,United States",43.0503962,-83.73268619999999,1,48504,OK,intersection
44,GEOMETRIC_CENTER,"Convention Plaza & Tucker Blvd, St. Louis, MO 63101, USA",EjhDb252ZW50aW9uIFBsYXphICYgVHVja2VyIEJsdmQsIFN0LiBMb3VpcywgTU8gNjMxMDEsIFVTQSJmImQKFAoSCWkebcois9iHES7qi7nombwKEhQKEglpHm3KIrPYhxEu6ou56Jm8ChoUChIJ2bp1EiKz2IcR0-QAPeVDz4AaFAoSCd1dETCes9iHEZ53X1LFVHzSIgoNbvUGFxVvKj3K,"N Tucker Blvd and Convention Plaza,Saint Louis,Missouri,United States",38.6332014,-90.19611049999999,2,63101,OK,intersection
45,RANGE_INTERPOLATED,"5600 S Paulina St, Chicago, IL 60636, USA",Eik1NjAwIFMgUGF1bGluYSBTdCwgQ2hpY2FnbywgSUwgNjA2MzYsIFVTQSIbEhkKFAoSCbnD-FxbLg6IEf00BPJNn4kfEOAr,"5600 block of S Paulina St,Chicago,Illinois,United States",41.7921493,-87.6669876,1,60636,OK,street_address
46,ROOFTOP,"600 W 61st Pl, Chicago, IL 60621, USA",ChIJ9WAADecuDogRw2Y5EwG3Mpg,"600 block of W 61st Pl,Chicago,Illinois,United States",41.783262,-87.639763,1,60621,OK,street_address
47,ROOFTOP,"211 Gold Ave SW, Albuquerque, NM 87102, USA",ChIJFZsEJ78MIocRIz3EtYBYB2Y,"211 Gold Ave SW,Albuquerque,New Mexico,United States",35.0835952,-106.6499235,1,87102,OK,premise
48,ROOFTOP,"3036 Quinto Way, San Jose, CA 95124, USA",ChIJ3azDxmQ0joARwJ8BX8OX7AI,"3036 Quinto Way,San Jose,California,United States",37.2680211,-121.9142008,1,95124,OK,premise
49,ROOFTOP,"1921 Chambers Rd, St. Louis, MO 63136, USA",ChIJB4dhB51J34cRLVxwhpKy07k,"1921 Chambers Rd,Saint Louis,Missouri,United States",38.7494386,-90.2641321,1,63136,OK,street_address
50,GEOMETRIC_CENTER,"Maple St, Boston, MA 02121, USA",ChIJ-aC9t9p744kR-TAgRX8RIas,"Maple St,Boston,Massachusetts,United States",42.3083372,-71.0861374,1,02121,OK,route
51,RANGE_INTERPOLATED,"1600 E 67th St, Chicago, IL 60637, USA",EiYxNjAwIEUgNjd0aCBTdCwgQ2hpY2FnbywgSUwgNjA2MzcsIFVTQSIbEhkKFAoSCUOV8KX9KA6IEXfoCA-TRzIDEMAM,"1600 block of E 67th St,Chicago,Illinois,United States",41.77334219999999,-87.5860926,1,60637,OK,street_address
52,RANGE_INTERPOLATED,"600 Spokane St, Reno, NV 89512, USA",EiM2MDAgU3Bva2FuZSBTdCwgUmVubywgTlYgODk1MTIsIFVTQSIbEhkKFAoSCfurEQNOR5mAEc4VIRWT5nsTENgE,"600 block of Spokane St,Reno,Nevada,United States",39.5346977,-119.8007613,1,89512,OK,street_address
53,GEOMETRIC_CENTER,"Elton St & Belmont Ave, Brooklyn, NY 11208, USA",Ei9FbHRvbiBTdCAmIEJlbG1vbnQgQXZlLCBCcm9va2x5biwgTlkgMTEyMDgsIFVTQSJmImQKFAoSCWtPhx2yXcKJEUZsu1P98QvrEhQKEglrT4cdsl3CiRFGbLtT_fEL6xoUChIJ6WhlLa5dwokRGGVLLzlgPeYaFAoSCT9vzwqyXcKJEdoiYeYMZztTIgoNIiA-GBVsVvbT,"Elton St and Belmont Ave,Brooklyn,New York,United States",40.6724642,-73.883074,1,11208,OK,intersection
54,RANGE_INTERPOLATED,"1100 Preston St, Rockford, IL 61102, USA",EigxMTAwIFByZXN0b24gU3QsIFJvY2tmb3JkLCBJTCA2MTEwMiwgVVNBIhsSGQoUChIJ1c84PXaVCIgRbaDPOSSnqTMQzAg,"1100 block of Preston St,Rockford,Illinois,United States",42.2714764,-89.10634209999999,1,61102,OK,street_address
55,RANGE_INTERPOLATED,"800 N Homan Ave, Chicago, IL 60651, USA",Eic4MDAgTiBIb21hbiBBdmUsIENoaWNhZ28sIElMIDYwNjUxLCBVU0EiGxIZChQKEgmNLRlCszIOiBExHT9aU-A0axCgBg,"800 block of N Homan Ave,Chicago,Illinois,United States",41.8954986,-87.7114211,1,60651,OK,street_address
56,RANGE_INTERPOLATED,"1900 Adair St, Los Angeles, CA 90011, USA",EikxOTAwIEFkYWlyIFN0LCBMb3MgQW5nZWxlcywgQ0EgOTAwMTEsIFVTQSIbEhkKFAoSCTW996fWx8KAEYQ04Gmn64t2EOwO,"1900 block of Adair St,Los Angeles,California,United States",34.0280185,-118.2582842,1,90011,OK,street_address
57,RANGE_INTERPOLATED,"4700 E Hamilton Ave, Fresno, CA 93702, USA",Eio0NzAwIEUgSGFtaWx0b24gQXZlLCBGcmVzbm8sIENBIDkzNzAyLCBVU0EiGxIZChQKEgkRHGkyB1-UgBE7Dm48-Fb5pRDcJA,"4700 block of E Hamilton Ave,Fresno,California,United States",36.7245752,-119.7409002,1,93702,OK,street_address
58,ROOFTOP,"5507 Everhart Manor Ln, Katy, TX 77494, USA",ChIJCSGhSXIhQYYRpQgKqljmV0A,"5507 Everhart Manor Ln,Katy,Texas,United States",29.7177492,-95.7969688,1,77494,OK,premise
59,ROOFTOP,"6250 Page Ave, St. Louis, MO 63133, USA",ChIJyYQySqJK34cR_QbVqvWtdC0,"6250 Page Ave,Saint Louis (Wellston),Missouri,United States",38.6712314,-90.2935766,1,63133,OK,premise
60,ROOFTOP,"1200 N Luzerne Ave, Baltimore, MD 21213, USA",ChIJ30wGm0IEyIkR_TLbi53aoko,"1200 block of N Luzerne Ave,Baltimore,Maryland,United States",39.3049145,-76.5815013,1,21213,OK,premise
61,RANGE_INTERPOLATED,"3000 Brookdale Ave, Oakland, CA 94602, USA",EiozMDAwIEJyb29rZGFsZSBBdmUsIE9ha2xhbmQsIENBIDk0NjAyLCBVU0EiGxIZChQKEgmnj6c9VIaPgBF9hj04HTW7vRC4Fw,"3000 block of Brookdale Ave,Oakland,California,United States",37.7923842,-122.2155092,1,94602,OK,street_address
62,RANGE_INTERPOLATED,"12700 California St, Yucaipa, CA 92399, USA",EisxMjcwMCBDYWxpZm9ybmlhIFN0LCBZdWNhaXBhLCBDQSA5MjM5OSwgVVNBIhsSGQoUChIJeftkI_pQ24ARaR47Bn_N9tYQnGM,"12700 block of California St,Yucaipa,California,United States",34.0229051,-117.0392103,1,92399,OK,street_address
63,ROOFTOP,"3535 Munger Ave, Dallas, TX 75204, USA",ChIJaY0PL9SYToYRM5JNTVxF4uU,"3535 Munger Ave,Dallas,Texas,United States",32.7996454,-96.7889161,1,75204,OK,street_address
64,GEOMETRIC_CENTER,"Farragut Ave, Bay Shore, NY 11706, USA",ChIJifAG8Gwy6IkRlpDJGbRbL5k,"Farragut Ave,Bay Shore,New York,United States",40.7470069,-73.2598539,1,11706,OK,route
65,GEOMETRIC_CENTER,"Martin St & Judson St, Hartford, CT 06120, USA",Ei5NYXJ0aW4gU3QgJiBKdWRzb24gU3QsIEhhcnRmb3JkLCBDVCAwNjEyMCwgVVNBImYiZAoUChIJWZCmiZNU5okRu95rYHI-O7QSFAoSCVmQpomTVOaJEbvea2ByPju0GhQKEgmfJpuGk1TmiREnBUoSaLz8xBoUChIJ-Rw9vJNU5okRI16xTiAxDGsiCg0xjOgYFUjrrdQ,"Judson St and Martin St,Hartford,Connecticut,United States",41.7893425,-72.6799544,1,06120,OK,intersection
66,RANGE_INTERPOLATED,"2700 W Park Ave, Gray, LA 70359, USA",EiQyNzAwIFcgUGFyayBBdmUsIEdyYXksIExBIDcwMzU5LCBVU0EiGxIZChQKEgk3c0yAJxchhhH-rpjGdw6x5RCMFQ,"2700 block of W Park Ave,Gray,Louisiana,United States",29.70844809999999,-90.7912856,1,70359,OK,street_address
67,ROOFTOP,"2400 W Jackson Blvd, Chicago, IL 60612, USA",ChIJA_5uvkItDogR4ZbCVP-0d9Q,"2400 block of W Jackson Blvd,Chicago,Illinois,United States",41.8775787,-87.68655679999999,1,60612,OK,street_address
68,ROOFTOP,"7132 Florida Blvd, Baton Rouge, LA 70806, USA",ChIJxRA-1pSjJoYRCekSEvjAu_o,"7132 Florida Blvd,Baton Rouge,Louisiana,United States",30.4511151,-91.1157084,1,70806,OK,premise
69,ROOFTOP,"50 Jefferson St, Paterson, NJ 07522, USA",ChIJezmKTLP9wokRNeB3f_GkdOI,"50 block of Jefferson St,Paterson,New Jersey,United States",40.925607,-74.1711459,1,07522,OK,street_address
70,ROOFTOP,"937 Choate Ave, Hamden, CT 06518, USA",ChIJoRT7rdPa54kR9ngAAtRdDOc,"937 Choate Ave,Hamden,Connecticut,United States",41.4219256,-72.9375733,1,06518,OK,premise
71,GEOMETRIC_CENTER,"Bass St SW & Ira St SW, Atlanta, GA 30310, USA",Ei5CYXNzIFN0IFNXICYgSXJhIFN0IFNXLCBBdGxhbnRhLCBHQSAzMDMxMCwgVVNBImYiZAoUChIJTyHGPgsD9YgR_pBB9MihXdISFAoSCU8hxj4LA_WIEf6QQfTIoV3SGhQKEgnbgDAYoAP1iBGv0J679L6jCBoUChIJIy9rvwsD9YgR2Sw2XPCHxCgiCg2wphsUFdOVsc0,"Ira St and Bass St SW,Atlanta,Georgia,United States",33.7356464,-84.3999789,1,30310,OK,intersection
72,ROOFTOP,"167 Armstrong Ave, Jersey City, NJ 07305, USA",ChIJ3zku8xpRwokRaEIARgJjOx0,"167 Armstrong Ave,Jersey City,New Jersey,United States",40.7027234,-74.0873666,1,07305,OK,premise
73,ROOFTOP,"909 Desoto St, St Paul, MN 55130, USA",ChIJRXy5M0bVslIRx3-FE-Ar200,"909 Desoto St,Saint Paul,Minnesota,United States",44.9686583,-93.08146239999999,1,55130,OK,premise
74,ROOFTOP,"600 Parkway Dr NE, Atlanta, GA 30308, USA",ChIJW-dC8BIE9YgRVwlL0q_Qrq0,"600 block of Parkway Dr,Atlanta,Georgia,United States",33.7708803,-84.3730704,1,30308,OK,street_address
75,ROOFTOP,"900 Rowe St, Akron, OH 44306, USA",ChIJezAc4PApMYgRicaNxq7Ls-c,"900 block of Rowe St,Akron,Ohio,United States",41.0539403,-81.50205430000001,1,44306,OK,premise
76,ROOFTOP,"2800-2802 N 34th St, Milwaukee, WI 53210, USA",ChIJlVFJm40bBYgRkzuF8a8DxQk,"2800 block of N 34th St,Milwaukee,Wisconsin,United States",43.069893,-87.9559,1,53210,OK,street_address
77,ROOFTOP,"568 Habbitts Ct, San Jose, CA 95111, USA",ChIJgWZWKfEyjoAR-NwgKI9ad6M,"568 Habbitts Court,San Jose,California,United States",37.3010716,-121.8417386,1,95111,OK,premise
78,ROOFTOP,"1150 E Mishawaka Ave, South Bend, IN 46615, USA",ChIJW8HABRnNFogRT8hsioT3D_c,"1150 E Mishawaka Ave,South Bend,Indiana,United States",41.6663769,-86.2330984,1,46615,OK,premise
79,ROOFTOP,"1767 Genessee Ave, Columbus, OH 43211, USA",ChIJ4bWDgNmLOIgRl76-2lmnZz4,"1767 Genessee Ave,Columbus,Ohio,United States",40.0187554,-82.9634088,1,43211,OK,premise
80,RANGE_INTERPOLATED,"7500 Draper Ave, La Jolla, CA 92037, USA",Eig3NTAwIERyYXBlciBBdmUsIExhIEpvbGxhLCBDQSA5MjAzNywgVVNBIhsSGQoUChIJz3LOLeQD3IARz4EskLGSFiUQzDo,"7500 block of Draper Ave,La Jolla,California,United States",32.8397061,-117.2761051,1,92037,OK,street_address
81,ROOFTOP,"1108 Cambridge St, Abbeville, SC 29620, USA",ChIJTxj6bJv894gRMHhz6JWap74,"1108 Cambridge St,Abbeville,South Carolina,United States",34.1886181,-82.3578659,1,29620,OK,street_address
82,ROOFTOP,"2001 E Pembroke Ave, Hampton, VA 23664, USA",ChIJ0TbDWhCFuokRRew_3zUaSOw,"1st St and E Pembroke Ave,Hampton,Virginia,United States",37.0408053,-76.3038861,1,23664,OK,"establishment,finance,insurance_agency,point_of_interest"
83,RANGE_INTERPOLATED,"2400 Moore St, Philadelphia, PA 19145, USA",EioyNDAwIE1vb3JlIFN0LCBQaGlsYWRlbHBoaWEsIFBBIDE5MTQ1LCBVU0EiGxIZChQKEglN-oS8ccbGiRGCL96qA5boBxDgEg,"2400 block of Moore St,Philadelphia,Pennsylvania,United States",39.9300578,-75.185302,1,19145,OK,street_address
84,ROOFTOP,"800 N Port St, Baltimore, MD 21205, USA",ChIJhaiEqGgEyIkRlJkhfw2MeRA,"800 block of N Port St,Baltimore,Maryland,United States",39.3001719,-76.58326819999999,1,21205,OK,street_address
85,ROOFTOP,"1506 N Charles St, Saginaw, MI 48602, USA",ChIJ3SJMPk7CI4gRz6vAxnFMEFc,"1506 N Charles St,Saginaw,Michigan,United States",43.4296369,-83.9677083,1,48602,OK,premise
86,ROOFTOP,"6300 S King Dr, Chicago, IL 60637, USA",ChIJR2ophispDogRZk0M17gbzmY,"6300 block of S King Dr,Chicago,Illinois,United States",41.7792315,-87.6160233,1,60637,OK,street_address
87,ROOFTOP,"519 W Taylor St, Santa Maria, CA 93458, USA",ChIJF7sMSfFr7IARWBDNMD1cUBM,"519  West Taylor St,Santa Maria,California,United States",34.9757003,-120.442204,1,93458,OK,street_address
88,RANGE_INTERPOLATED,"700 14th St, Richmond, CA 94801, USA",EiQ3MDAgMTR0aCBTdCwgUmljaG1vbmQsIENBIDk0ODAxLCBVU0EiGxIZChQKEgn1XvyhqoKFgBEab-HpWonXqhC8BQ,"700 block of 14th St,Richmond,California,United States",37.9421263,-122.356409,1,94801,OK,street_address
89,ROOFTOP,"343 Hamilton St, Allentown, PA 18101, USA",ChIJsbGIj2Y5xIkR5VOtfzAKwoU,"343 Hamilton St,Allentown,Pennsylvania,United States",40.6050018,-75.4629204,1,18101,OK,premise
90,ROOFTOP,"700 Dr M.L.K. Jr. Blvd, Newark, NJ 07102, USA",ChIJmwzhBXJTwokRXWXHJdxzn1c,"700 block of Dr Martin Luther King Jr Blvd,Newark,New Jersey,United States",40.7282439,-74.18265439999999,1,07102,OK,street_address
91,GEOMETRIC_CENTER,"E Market St & Tower of the Americas Way, San Antonio, TX 78205, USA",EkNFIE1hcmtldCBTdCAmIFRvd2VyIG9mIHRoZSBBbWVyaWNhcyBXYXksIFNhbiBBbnRvbmlvLCBUWCA3ODIwNSwgVVNBImYiZAoUChIJh1B3cwH2XIYRk6UtlS8mLG4SFAoSCYdQd3MB9lyGEZOlLZUvJixuGhQKEglNmB9eqlhchhEI5WmgrCwYLhoUChIJK3QDSQL2XIYRLheWjngvq88iCg1TWYkRFdr9TMU,"E Market St and Tower of the Americas Way,San Antonio,Texas,United States",29.4213971,-98.48100219999999,1,78205,OK,intersection
92,ROOFTOP,"2872 Coach Dr, Memphis, TN 38128, USA",ChIJMQWwqwKCf4gRxhIDyF_8jC8,"2872 Coach Dr,Memphis,Tennessee,United States",35.2040498,-89.92514299999999,1,38128,OK,street_address
93,ROOFTOP,"2910 S 70th St, Philadelphia, PA 19142, USA",ChIJ30z_JhLExokR9SGj6Hoj4Jc,"2910 S 70th St,Philadelphia,Pennsylvania,United States",39.9123634,-75.2337768,1,19142,OK,premise
94,GEOMETRIC_CENTER,"W Ormsby Ave & Dixie Hwy, Louisville, KY 40210, USA",EjNXIE9ybXNieSBBdmUgJiBEaXhpZSBId3ksIExvdWlzdmlsbGUsIEtZIDQwMjEwLCBVU0EiZiJkChQKEglxZ6D7yRJpiBFbNVcGKYlVEBIUChIJcWeg-8kSaYgRWzVXBimJVRAaFAoSCeetcWquEmmIETU0G8pg2UubGhQKEgmfM63VLBhpiBEgdJci594kzSIKDS1EyhYVytrdzA,"Dixie Highway and Ormsby Ave,Louisville,Kentucky,United States",38.2354477,-85.7875766,1,40210,OK,intersection
95,RANGE_INTERPOLATED,"1200 Sampson St, Des Moines, IA 50316, USA",EioxMjAwIFNhbXBzb24gU3QsIERlcyBNb2luZXMsIElBIDUwMzE2LCBVU0EiGxIZChQKEgl7zekXw5nuhxHb0Sl7z0owrxCwCQ,"1200 block of Sampson St,Des Moines,Iowa,United States",41.6008703,-93.5927032,1,50316,OK,street_address
96,ROOFTOP,"2500 Hollywood Ave, Shreveport, LA 71108, USA",ChIJm7zBPvPSNoYRk4C0ZWP1pcw,"2500 block of Hollywood Ave,Shreveport,Louisiana,United States",32.4570365,-93.77755979999999,1,71108,OK,premise
97,ROOFTOP,"305 N Graham St, Charlotte, NC 28202, USA",ChIJ-XM4ijCgVogR0gus34ajOI0,"305 N Graham St,Charlotte,North Carolina,United States",35.2326744,-80.8444375,1,28202,OK,street_address
98,RANGE_INTERPOLATED,"12500 E Kansas Pl, Aurora, CO 80012, USA",EigxMjUwMCBFIEthbnNhcyBQbCwgQXVyb3JhLCBDTyA4MDAxMiwgVVNBIhsSGQoUChIJ2ao4FLVibIcRmPP9pFQ9uoQQ1GE,"12500 block of E Kansas Pl,Aurora,Colorado,United States",39.6947905,-104.84322,1,80012,OK,street_address
99,RANGE_INTERPOLATED,"6900 Damascus Rd, Savannah, GA 31406, USA",Eik2OTAwIERhbWFzY3VzIFJkLCBTYXZhbm5haCwgR0EgMzE0MDYsIFVTQSIbEhkKFAoSCdOkE8V4dvuIEYhCts7hyEVIEPQ1,"6900 Block of Damascus Rd,Savannah,Georgia,United States",32.0044661,-81.0727251,1,31406,OK,street_address
100,GEOMETRIC_CENTER,"17218 Tarkington Ave, Cleveland, OH 44128, USA",ChIJwa3QqB_jMIgRP8FH-czyq8s,"17218 Tarkington Ave,Cleveland,Ohio,United States",41.4292685,-81.5616993,1,44128,OK,premise
101,ROOFTOP,"2081 Niagara St, Buffalo, NY 14207, USA",ChIJ6ayykTUT04kRF9ZAN5_h72E,"2081 Niagara St,Buffalo,New York,United States",42.9411261,-78.90535220000001,1,14207,OK,premise
102,ROOFTOP,"265 N Main St, Henning, TN 38041, USA",ChIJr2I0RWs7f4gRBwMIq-ksSAg,"265 N Main St,Henning,Tennessee,United States",35.673603,-89.572743,1,38041,OK,street_address
103,RANGE_INTERPOLATED,"5151 Medicine Valley Rd, White Swan, WA 98952, USA",EjI1MTUxIE1lZGljaW5lIFZhbGxleSBSZCwgV2hpdGUgU3dhbiwgV0EgOTg5NTIsIFVTQSIbEhkKFAoSCen9sophdJdUEfWXDkLl9Ae5EJ8o,"5151 Medicine Valley Rd,White Swan,Washington,United States",46.4225286,-120.823627,1,98952,OK,street_address
104,ROOFTOP,"3500 W North Ave, Chicago, IL 60647, USA",ChIJH9AZ5kbND4gRpopPISZjMXQ,"3500 block of W North Ave,Chicago,Illinois,United States",41.910373,-87.714219,1,60647,OK,street_address
105,ROOFTOP,"279A, 8220 TX-71, Austin, TX 78735, USA",ChIJcwSPL5xJW4YR7ugJby7sVA0,"8220 TX-71,Austin,Texas,United States",30.2475924,-97.8863259,1,78735,OK,street_address
106,ROOFTOP,"2500 N Lake Shore Dr, Chicago, IL 60614, USA",ChIJM-OoFHHTD4gRJtpbGzv6GYM,"2500 block of N Lake Shore Dr,Chicago,Illinois,United States",41.9284979,-87.6321816,1,60614,OK,street_address
107,ROOFTOP,"828 W 9th St, Santa Rosa, CA 95401, USA",ChIJo9F1Hho4hIARX2LhSy-ozWI,"828 W 9th Street,Santa Rosa,California,United States",38.440738,-122.734969,1,95401,OK,street_address
108,RANGE_INTERPOLATED,"473 Main St N, Allendale, SC 29810, USA",Eic0NzMgTWFpbiBTdCBOLCBBbGxlbmRhbGUsIFNDIDI5ODEwLCBVU0EiGxIZChQKEgmxb_SJWm75iBHRz6m68ub5pBDZAw,"473 Main St S,Allendale,South Carolina,United States",33.0124454,-81.3043962,1,29810,OK,street_address
109,RANGE_INTERPOLATED,"300 E Chicago Ave, Chicago, IL 60611, USA",EikzMDAgRSBDaGljYWdvIEF2ZSwgQ2hpY2FnbywgSUwgNjA2MTEsIFVTQSIbEhkKFAoSCTcUA5Kq1A-IEc08451uZE0sEKwC,"300 block of East Chicago Ave,Chicago,Illinois,United States",41.8971228,-87.6180143,1,60611,OK,street_address
110,ROOFTOP,"1100 Mt Vernon Ave, Portsmouth, VA 23707, USA",ChIJ21hBEnKiuokR_0JiTVpQSVs,"1100 block of Mt Vernon Ave,Portsmouth,Virginia,United States",36.8363657,-76.33598239999999,1,23707,OK,premise
111,ROOFTOP,"5600 W Madison St, Chicago, IL 60644, USA",ChIJa_ZHHkMzDogRxGO1rR23B4s,"5600 block of West Madison St,Chicago,Illinois,United States",41.8807263,-87.7650676,1,60644,OK,subpremise
112,ROOFTOP,"12 Broad St SW, Atlanta, GA 30303, USA",ChIJJUDiSYED9YgRduL2OWSv3NY,"12 Broad Street,Atlanta,Georgia,United States",33.7544498,-84.39138349999999,1,30303,OK,street_address
113,GEOMETRIC_CENTER,"Robinson Dr, Macon, GA 31206, USA",ChIJt702xdP784gR_uJxNEUIrNA,"Suzanne Dr and Robinson Dr,Macon,Georgia,United States",32.8241235,-83.7152528,1,31206,OK,route
114,ROOFTOP,"306 N Hollow Ave, West Covina, CA 91790, USA",ChIJW5foLdvXwoARmy20fv-NBQ0,"306 N Hollow Ave,West Covina,California,United States",34.0754405,-117.936319,1,91790,OK,premise
115,ROOFTOP,"Building 2, 2405 Courthouse Dr, Virginia Beach, VA 23456, USA",ChIJAUsyF-rAuokRgoquajba3VM,"2405 Courthouse Drive,Virginia Beach,Virginia,United States",36.7510164,-76.0574123,1,23456,OK,premise
116,RANGE_INTERPOLATED,"14000 S Grace Ave, Robbins, IL 60472, USA",EikxNDAwMCBTIEdyYWNlIEF2ZSwgUm9iYmlucywgSUwgNjA0NzIsIFVTQSIbEhkKFAoSCZNKft-3PA6IEQGZHitG30Q0ELBt,"14000 block of Grace Ave,Robbins,Illinois,United States",41.6383,-87.7058314,1,60472,OK,street_address
117,ROOFTOP,"26311 TX-321, Cleveland, TX 77327, USA",ChIJyUYByFqnOIYRPFlna50fXd0,"26311 TX-321,Cleveland,Texas,United States",30.3255657,-95.0500946,1,77327,OK,street_address
118,ROOFTOP,"300 Homewood Pl, Reserve, LA 70084, USA",ChIJaZY60iHUIIYRYXO_KrrWYj8,"300 block of Homewood Place,Reserve,Louisiana,United States",30.068605,-90.5450073,1,70084,OK,street_address
119,RANGE_INTERPOLATED,"5900 Goodfellow Blvd, St. Louis, MO 63147, USA",Ei41OTAwIEdvb2RmZWxsb3cgQmx2ZCwgU3QuIExvdWlzLCBNTyA2MzE0NywgVVNBIhsSGQoUChIJ91Enx7dL34cRkrd6SP5Wo40QjC4,"5900 block of Goodfellow Blvd,Saint Louis,Missouri,United States",38.7134398,-90.2547683,1,63147,OK,street_address
120,ROOFTOP,"1200 Sumner Rd SE, Washington, DC 20020, USA",ChIJof7WnsK5t4kRVB_-MvtoLRc,"1200 block of Sumner Rd SE,Washington,District of Columbia,United States",38.8610967,-76.9972344,1,20020,OK,street_address
121,ROOFTOP,"100 Walnut Ave, Trenton, NJ 08609, USA",ChIJe3bTyLNZwYkRLjyqtm655NE,"100 block of Walnut St,Trenton,New Jersey,United States",40.2209606,-74.74892,1,08609,OK,premise
122,ROOFTOP,"3509 Wheeler Rd SE, Washington, DC 20032, USA",ChIJDfDC8R26t4kR2MQlmQHKcAQ,"3509 Wheeler Rd SE,Washington,District of Columbia,United States",38.839294,-76.994089,1,20032,OK,street_address
123,RANGE_INTERPOLATED,"800 Alvis Rd, La Crosse, VA 23950, USA",EiY4MDAgQWx2aXMgUmQsIExhIENyb3NzZSwgVkEgMjM5NTAsIFVTQSIbEhkKFAoSCStEUPJW-a2JEcZCTd4e93vyEKAG,"800 block of Alvis Road,La Crosse,Virginia,United States",36.6090478,-78.0273745,1,23950,OK,street_address
124,RANGE_INTERPOLATED,"600 E Oak St, Stockton, CA 95202, USA",EiU2MDAgRSBPYWsgU3QsIFN0b2NrdG9uLCBDQSA5NTIwMiwgVVNBIhsSGQoUChIJpUwQFaASkIARKnKih0m2NcEQ2AQ,"600 block of E Oak St,Stockton,California,United States",37.959817,-121.2848589,1,95202,OK,street_address
125,ROOFTOP,"225 Brunswick Ave, Trenton, NJ 08618, USA",ChIJDdFj6zRYwYkRb7vtz9hLu6M,"225 Brunswick Ave,Trenton,New Jersey,United States",40.228236,-74.761387,1,08618,OK,street_address
126,RANGE_INTERPOLATED,"3400 Devonshire Rd, Detroit, MI 48224, USA",EiozNDAwIERldm9uc2hpcmUgUmQsIERldHJvaXQsIE1JIDQ4MjI0LCBVU0EiGxIZChQKEgm1dMvRuNUkiBFnnlMWdPHUKxDIGg,"3400 block of Devonshire,Detroit,Michigan,United States",42.3901533,-82.93441059999999,1,48224,OK,street_address
127,GEOMETRIC_CENTER,"Schooner Trail & Holly Cove Dr, Chesapeake, VA 23321, USA",EjlTY2hvb25lciBUcmFpbCAmIEhvbGx5IENvdmUgRHIsIENoZXNhcGVha2UsIFZBIDIzMzIxLCBVU0EiZiJkChQKEgnvkW-5GqG6iRFeksZuVGjYVBIUChIJ75FvuRqhuokRXpLGblRo2FQaFAoSCeXD-scaobqJEUIlC3bdd_OxGhQKEgmd3LyaGqG6iRFNwcAisNHNbyIKDfI27xUVBFl20g,"Holly Cove Dr and Schooner Trail,Chesapeake,Virginia,United States",36.79987060000001,-76.39959,1,23321,OK,intersection
128,ROOFTOP,"500 N Belnord Ave, Baltimore, MD 21205, USA",ChIJ0y0Fkm4EyIkRouhw2KUlEJ0,"500 block of N Belnord Ave,Baltimore,Maryland,United States",39.297176,-76.57885999999999,1,21205,OK,premise
129,GEOMETRIC_CENTER,"N Kelley Ave & NE 26th St, Oklahoma City, OK 73111, USA",EjdOIEtlbGxleSBBdmUgJiBORSAyNnRoIFN0LCBPa2xhaG9tYSBDaXR5LCBPSyA3MzExMSwgVVNBImYiZAoUChIJqbVYhm8XsocRPQ1T5UavwkcSFAoSCam1WIZvF7KHET0NU-VGr8JHGhQKEgnzJK2jPRmyhxEgb_aWqKga4xoUChIJ0Z-AeXAXsocR2Idvvf-wG-0iCg0mYygVFaOH48U,"N Kelley Ave and NE 26th St,Oklahoma City,Oklahoma,United States",35.4968358,-97.4944349,1,73111,OK,intersection
130,ROOFTOP,"8118 E 16th St, Tulsa, OK 74112, USA",ChIJw7HNB73ytocRMofMvSI4yKQ,"8118 E 16th St,Tulsa,Oklahoma,United States",36.1383481,-95.8856563,1,74112,OK,street_address
131,RANGE_INTERPOLATED,"1900 Bacon St, Alexandria, LA 71301, USA",EigxOTAwIEJhY29uIFN0LCBBbGV4YW5kcmlhLCBMQSA3MTMwMSwgVVNBIhsSGQoUChIJnxpSPCpLJYYRmyJqz1ZpT24Q7A4,"1900 block of Bacon Street,Alexandria,Louisiana,United States",31.2863527,-92.4558442,1,71301,OK,street_address
132,ROOFTOP,"2424 Sullivant Ave, Columbus, OH 43204, USA",ChIJ8aGGePGPOIgRnfBXeygg3_4,"2424 Sullivant Ave,Columbus,Ohio,United States",39.9456086,-83.0634663,1,43204,OK,premise
133,ROOFTOP,"226 SE Madison St, Portland, OR 97214, USA",ChIJJ0xyEwsKlVQRYqVFRcP18aI,"226 SE Madison St,Portland,Oregon,United States",45.5127145,-122.6630883,1,97214,OK,premise
134,ROOFTOP,"700 Leverette Ln, Cascilla, MS 38920, USA",ChIJ6ZQgbXiGKoYR3K_1jcXSa2A,"700 Leverette Ln,Cascilla,Mississippi,United States",33.8848664,-90.1201993,1,38920,OK,premise
135,RANGE_INTERPOLATED,"100 Martin Luther King Ave, Atmore, AL 36502, USA",EjExMDAgTWFydGluIEx1dGhlciBLaW5nIEF2ZSwgQXRtb3JlLCBBTCAzNjUwMiwgVVNBIhoSGAoUChIJC_gwrep5kIgR8dBLn8QMYdAQZA,"100 Martin Luther King Avenue,Atmore,Alabama,United States",31.0317151,-87.4796355,1,36502,OK,street_address
136,ROOFTOP,"2410 W Euclid Ave, Muncie, IN 47304, USA",ChIJg477ZGg9FYgR-feQTtQAx1c,"2410 W. Euclid Ave,Muncie,Indiana,United States",40.2073182,-85.4147845,1,47304,OK,premise
137,ROOFTOP,"1616 W Pacific Coast Hwy, Long Beach, CA 90810, USA",ChIJc2YKXAI03YARHZh8vYlW55w,"1616 West Pacific Coast Highway,Long Beach,California,United States",33.7896921,-118.2142757,1,90810,OK,street_address
138,ROOFTOP,"70 Kirkwood Ct SW, Cedar Rapids, IA 52404, USA",ChIJkS_3FcL35IcRDfkoPMuYX0o,"70 Kirkwood Ct SW,Cedar Rapids,Iowa,United States",41.9216506,-91.65544249999999,1,52404,OK,premise
139,ROOFTOP,"2825 Y St, Omaha, NE 68107, USA",ChIJGy4ZpzCJk4cROQqpGpZ_MTw,"2825 Y St,Omaha,Nebraska,United States",41.1974141,-95.9558886,1,68107,OK,premise
140,ROOFTOP,"4252 Cody Dr, Winston-Salem, NC 27105, USA",ChIJb2-K8L6tU4gRz0IeQUksNpM,"4252 Cody Drive,Winston Salem (Winston-salem),North Carolina,United States",36.1501676,-80.2511164,1,27105,OK,premise
141,ROOFTOP,"7326 Stockton Blvd, Sacramento, CA 95823, USA",ChIJmadN-3XFmoARhftPPutx5hM,"7326 Stockton Blvd,Sacramento,California,United States",38.491292,-121.428066,1,95823,OK,street_address
142,ROOFTOP,"9500 Cardwell Ave, Cleveland, OH 44105, USA",ChIJsRFULJbkMIgRq2lssQoKbnY,"9500 Cardwell Ave,Cleveland,Ohio,United States",41.4347721,-81.61740089999999,1,44105,OK,premise
143,RANGE_INTERPOLATED,"100 St Rose Ave, St Rose, LA 70087, USA",EicxMDAgU3QgUm9zZSBBdmUsIFN0IFJvc2UsIExBIDcwMDg3LCBVU0EiGhIYChQKEglxoG6-lccghhG9rlZjlFQWSRBk,"100 block of St. Rose Ave,Saint Rose,Louisiana,United States",29.9458519,-90.3167828,1,70087,OK,street_address
144,ROOFTOP,"1248 W 47th St, Los Angeles, CA 90037, USA",ChIJ45K4pR3IwoARaM1QpORvDJg,"1248 W 47th St,Los Angeles,California,United States",34.0003559,-118.2973649,1,90037,OK,street_address
145,RANGE_INTERPOLATED,"2100 Fourth St, New Orleans, LA 70113, USA",EioyMTAwIEZvdXJ0aCBTdCwgTmV3IE9ybGVhbnMsIExBIDcwMTEzLCBVU0EiGxIZChQKEglrxKTTzqUghhGhDKUllJ8LaxC0EA,"2100 block of 4th St,New Orleans,Louisiana,United States",29.9355721,-90.0882232,1,70113,OK,street_address
146,ROOFTOP,"4047 Shreve Ave, St. Louis, MO 63115, USA",ChIJRbCkyxRL34cRWeY-Yu2-kdw,"4047 Shreve Ave,Saint Louis,Missouri,United States",38.6773917,-90.24340590000001,1,63115,OK,premise
147,GEOMETRIC_CENTER,"Bayberry Rd & Toll Rd, Chestnuthill Township, PA 18330, USA",EjtCYXliZXJyeSBSZCAmIFRvbGwgUmQsIENoZXN0bnV0aGlsbCBUb3duc2hpcCwgUEEgMTgzMzAsIFVTQSJmImQKFAoSCQWd86COWMSJEf9caXGIO3dPEhQKEgkFnfOgjljEiRH_XGlxiDt3TxoUChIJod8WiI5YxIkR9Y8Id-LDca0aFAoSCXu_-UuEWMSJET_7yAU5bNlwIgoNS0FtGBU5lAPT,"Toll Rd and Bayberry Rd,Effort,Pennsylvania,United States",40.9813323,-75.47401669999999,1,18330,OK,intersection
148,ROOFTOP,"1900 N Croskey St, Philadelphia, PA 19121, USA",ChIJWc6eb-nHxokRCeP_xnv2Kos,"1900 block of N Croskey St,Philadelphia,Pennsylvania,United States",39.9836125,-75.1712474,1,19121,OK,street_address
149,RANGE_INTERPOLATED,"4000 Ashland Ave, St. Louis, MO 63107, USA",Eio0MDAwIEFzaGxhbmQgQXZlLCBTdC4gTG91aXMsIE1PIDYzMTA3LCBVU0EiGxIZChQKEgkBpsh8V0vfhxHLJHuJY3uQ-hCgHw,"4000 block of Ashland Ave,Saint Louis,Missouri,United States",38.662662,-90.22655309999999,1,63107,OK,street_address
150,GEOMETRIC_CENTER,"Rader St & W Roache St, Indianapolis, IN 46208, USA",EjNSYWRlciBTdCAmIFcgUm9hY2hlIFN0LCBJbmRpYW5hcG9saXMsIElOIDQ2MjA4LCBVU0EiZiJkChQKEgmHK3xk0lZriBHVfz8UJXHOjhIUChIJhyt8ZNJWa4gR1X8_FCVxzo4aFAoSCYmZsKzNVmuIEQHg9vnTdXkiGhQKEgkdrFGQ0lZriBGpm2zDRsWnOyIKDVS0uRcV20SizA,"Roache St and Rader St,Indianapolis,Indiana,United States",39.8046292,-86.1780773,1,46208,OK,intersection
151,ROOFTOP,"8773 S Ridgeline Blvd, Highlands Ranch, CO 80129, USA",ChIJXxs1FziCbIcRlyCt4qF5qKY,"8773 S Ridgeline Blvd,Littleton (Highlands Ranch),Colorado,United States",39.55595950000001,-104.997907,1,80129,OK,street_address
152,RANGE_INTERPOLATED,"2033 45th St, North Bergen, NJ 07047, USA",EikyMDMzIDQ1dGggU3QsIE5vcnRoIEJlcmdlbiwgTkogMDcwNDcsIFVTQSIbEhkKFAoSCYc5jIr0V8KJEevmfs58tIBiEPEP,"2033 45th Street,North Bergen,New Jersey,United States",40.7846566,-74.03520809999999,1,07047,OK,street_address
153,ROOFTOP,"1001 Cabrillo Hwy, Oceano, CA 93445, USA",ChIJ3Z1SAkxZ7IARkRSRPTC0Aso,"1001 Cabrillo Hwy,Oceano,California,United States",35.1124953,-120.6255738,1,93445,OK,premise
154,GEOMETRIC_CENTER,"Northland Ave & Union Blvd, St. Louis, MO 63112, USA",EjROb3J0aGxhbmQgQXZlICYgVW5pb24gQmx2ZCwgU3QuIExvdWlzLCBNTyA2MzExMiwgVVNBImYiZAoUChIJufCyqN9K34cRkVsQ0AystAcSFAoSCbnwsqjfSt-HEZFbENAMrLQHGhQKEgkpgTtEIUvfhxHwqTGl5JPByxoUChIJ60N1QydL34cRkiRfB7_31U4iCg2exwwXFZjWMso,"Union Blvd and Northland Ave,Saint Louis,Missouri,United States",38.6713502,-90.26379279999999,1,63112,OK,intersection
155,ROOFTOP,"101 W Maryland St, Indianapolis, IN 46225, USA",ChIJH8lFZLtQa4gR7bABrAMI2O0,"101 W Maryland St,Indianapolis,Indiana,United States",39.7651971,-86.16046960000001,1,46225,OK,street_address
156,ROOFTOP,"5105 Holiday Dr, Stockton, CA 95207, USA",ChIJ1xbrS_sMkIARNsS5P097AYg,"5105 Holiday Dr,Stockton,California,United States",38.0012191,-121.2972424,1,95207,OK,street_address
157,GEOMETRIC_CENTER,"Tatnall St & W 27th St, Wilmington, DE 19802, USA",EjFUYXRuYWxsIFN0ICYgVyAyN3RoIFN0LCBXaWxtaW5ndG9uLCBERSAxOTgwMiwgVVNBImYiZAoUChIJQdd7JS79xokROzUNrP3PvbESFAoSCUHXeyUu_caJETs1Daz9z72xGhQKEgkpVWvZMf3GiRFogVGcDMxXLBoUChIJw4XvQi_9xokRM8yhMJiRWNQiCg2WQLIXFeAs-tI,"W 27th St and Tatnall St,Wilmington,Delaware,United States",39.75579099999999,-75.5356448,1,19802,OK,intersection
158,ROOFTOP,"5400 Cedar Springs Rd, Dallas, TX 75235, USA",ChIJD6TYN6KeToYRJBnQxUOO8FI,"5400 Cedar Springs Rd,Dallas,Texas,United States",32.823074,-96.828402,1,75235,OK,street_address
159,ROOFTOP,"1900 Ramsay St, Baltimore, MD 21223, USA",ChIJUTKwd64cyIkRn8W4Ltr7F2I,"1900 block of Ramsay St,Baltimore,Maryland,United States",39.2833043,-76.64717999999999,1,21223,OK,street_address
160,ROOFTOP,"2500 E Biddle St, Baltimore, MD 21213, USA",ChIJAaIipEIEyIkRTpLb9lrOyRQ,"2500 block of E Biddle St,Baltimore,Maryland,United States",39.3049337,-76.58251709999999,1,21213,OK,premise
161,ROOFTOP,"32 Windermere Rd, Dorchester, MA 02125, USA",ChIJGUoslrJ744kRQnzpU5uQU3g,"32 Windermere Rd,Boston,Massachusetts,United States",42.31385050000001,-71.0626363,1,02125,OK,street_address
162,ROOFTOP,"9214 Library Ln, Charlotte, NC 28262, USA",ChIJsYoiGQUcVIgRC9sNo71kc_U,"9214 South Library Ln,Charlotte,North Carolina,United States",35.305966,-80.730937,1,28262,OK,street_address
163,ROOFTOP,"1407 Dr DB Todd Jr Blvd, Nashville, TN 37208, USA",ChIJ5fZMX9lmZIgRKm4S_1KX8fo,"1407 Dr DB Todd Jr Blvd,Nashville,Tennessee,United States",36.1719359,-86.8079063,1,37208,OK,premise
164,ROOFTOP,"514 19th St Ensley, Birmingham, AL 35218, USA",ChIJq66ioowdiYgRDfTZTG75Q2A,"514 19th St Ensley,Birmingham,Alabama,United States",33.512937,-86.896118,1,35218,OK,street_address
165,ROOFTOP,"2544 Edmondson Ave, Baltimore, MD 21223, USA",ChIJkcrQ2lgbyIkRPLxSG7L7tx0,"2544 Edmondson Ave,Baltimore,Maryland,United States",39.2949057,-76.6577434,1,21223,OK,premise
166,ROOFTOP,"4637 Wyndtree Dr, West Chester Township, OH 45069, USA",ChIJ5yUH0IhPQIgRGZFTZS4tj2k,"4637 Wyndtree Dr,West Chester,Ohio,United States",39.3507965,-84.4674582,1,45069,OK,street_address
167,RANGE_INTERPOLATED,"700 Monterey St, Jackson, MS 39204, USA",Eic3MDAgTW9udGVyZXkgU3QsIEphY2tzb24sIE1TIDM5MjA0LCBVU0EiGxIZChQKEgnPWKIdBjQohhF6LrAUgQcOrxC8BQ,"700 block of Monterey St,Jackson,Mississippi,United States",32.2763824,-90.22716559999999,1,39204,OK,street_address
168,ROOFTOP,"16934 Chabad Way, Poway, CA 92064, USA",ChIJ98inVOjw24ARnMqImieiP5U,"16934 Chabad Way,Poway,California,United States",33.0191414,-117.0531582,1,92064,OK,premise
169,ROOFTOP,"700 N San Fernando Rd, Los Angeles, CA 90065, USA",ChIJbbUHWJTGwoARLQrVJ_OFo7U,"700 N San Fernando Rd,Los Angeles,California,United States",34.0895046,-118.2263927,1,90065,OK,premise
170,RANGE_INTERPOLATED,"1500 S 31st St, Philadelphia, PA 19146, USA",EisxNTAwIFMgMzFzdCBTdCwgUGhpbGFkZWxwaGlhLCBQQSAxOTE0NiwgVVNBIhsSGQoUChIJBQs9Z2PGxokRSpTwFD_7wR0Q3As,"1500 block of South 31st St,Philadelphia,Pennsylvania,United States",39.9352439,-75.19571560000001,1,19146,OK,street_address
171,ROOFTOP,"761 Chestnut Ave, Memphis, TN 38106, USA",ChIJuy1I1bR91YcRM4plvsvry4E,"761 Chestnut Ave,Memphis,Tennessee,United States",35.1020499,-90.0373019,1,38106,OK,premise
172,RANGE_INTERPOLATED,"2900 Sunrise Ave, Corpus Christi, TX 78405, USA",Ei8yOTAwIFN1bnJpc2UgQXZlLCBDb3JwdXMgQ2hyaXN0aSwgVFggNzg0MDUsIFVTQSIbEhkKFAoSCZ0ySsIwXmiGEdUNuzaPGOLqENQW,"2900 block of Sunrise Ave,Corpus Christi,Texas,United States",27.7827971,-97.42226529999999,1,78405,OK,street_address
173,ROOFTOP,"1628 George Washington Blvd, Wichita, KS 67211, USA",ChIJeb53c4PkuocRvaQxdYbwhic,"1628 S George Washington Blvd,Wichita,Kansas,United States",37.6638692,-97.29991299999999,1,67211,OK,"establishment,point_of_interest"
174,RANGE_INTERPOLATED,"4000 Bells Ln, Louisville, KY 40211, USA",Eig0MDAwIEJlbGxzIExuLCBMb3Vpc3ZpbGxlLCBLWSA0MDIxMSwgVVNBIhsSGQoUChIJ7dhr6j0TaYgRxPL0QiKziK8QoB8,"4000 block of Bells Ln,Louisville,Kentucky,United States",38.2227219,-85.8223184,1,40211,OK,street_address
175,ROOFTOP,"18700 Curry Powder Ln, Germantown, MD 20874, USA",ChIJ1y8Q4TUstokRql1t7ZyuTzQ,"18700 block of Curry Powder Ln,Germantown,Maryland,United States",39.162339,-77.264707,1,20874,OK,street_address
176,ROOFTOP,"2539 E Main St, Stockton, CA 95205, USA",ChIJRcUwIUZtkIARFDQsV7i92dQ,"2539 E Main St,Stockton,California,United States",37.9549561,-121.2509449,1,95205,OK,premise
177,GEOMETRIC_CENTER,"NW 19th Ave & NW 60th St, Brownsville, FL 33142, USA",EjROVyAxOXRoIEF2ZSAmIE5XIDYwdGggU3QsIEJyb3duc3ZpbGxlLCBGTCAzMzE0MiwgVVNBImYiZAoUChIJmZePfR-x2YgRey1IJrq7b4MSFAoSCZmXj30fsdmIEXstSCa6u2-DGhQKEgmzGHbzJrHZiBGtiEzdeps04hoUChIJhWIlVB-x2YgR6zVzzfk_-rkiCg0DUGUPFdILLtA,"NW 19th Ave and 60th St,Miami,Florida,United States",25.8297859,-80.2288686,1,33142,OK,intersection
178,ROOFTOP,"100 Princeton Ave, Vallejo, CA 94589, USA",ChIJReUpIJcMhYAR9-szJXqo7yY,"100 block of Princeton Ave,Vallejo,California,United States",38.1505918,-122.251364,1,94589,OK,premise
179,RANGE_INTERPOLATED,"23500 Alessandro Blvd, Moreno Valley, CA 92553, USA",EjMyMzUwMCBBbGVzc2FuZHJvIEJsdmQsIE1vcmVubyBWYWxsZXksIENBIDkyNTUzLCBVU0EiHBIaChQKEgklONzubKbcgBGbldZzn-bLfxDMtwE,"23500 block of Alessandro Blvd,Moreno Valley,California,United States",33.9173401,-117.2524156,1,92553,OK,street_address
180,ROOFTOP,"119 N Washington St, Carbondale, IL 62901, USA",ChIJ5bwZRoQRd4gRMHmBnNPtNwE,"119 N Washington St,Carbondale,Illinois,United States",37.728101,-89.2151068,1,62901,OK,premise
181,ROOFTOP,"2200 Ruskin Ave, Baltimore, MD 21217, USA",ChIJx4UVjzYbyIkR0UAQrO5tmyg,"2200 block of Ruskin Ave,Baltimore,Maryland,United States",39.31516390000001,-76.6479425,1,21217,OK,premise
182,ROOFTOP,"7112 W Minnezona Ave, Phoenix, AZ 85033, USA",ChIJx2gG28pqK4cR1YmgC4fOE7I,"7112 W Minnezona Ave,Phoenix,Arizona,United States",33.504031,-112.2121516,1,85033,OK,street_address
183,GEOMETRIC_CENTER,"E 103rd St & S Main St, Los Angeles, CA 90003, USA",EjJFIDEwM3JkIFN0ICYgUyBNYWluIFN0LCBMb3MgQW5nZWxlcywgQ0EgOTAwMDMsIFVTQSJmImQKFAoSCZNOq5yMycKAEfZi6q0EsFH1EhQKEgmTTqucjMnCgBH2YuqtBLBR9RoUChIJnwUq33_JwoAR9s9h42mXxlcaFAoSCTX8-wSHycKAEXI_exhSWiqrIgoNjkQ7FBX51YC5,"E 103rd St and S Main St,Los Angeles,California,United States",33.9428494,-118.2738951,1,90003,OK,intersection
184,ROOFTOP,"5339 Michigan Ave, Kansas City, MO 64130, USA",ChIJIeISU4fvwIcRK1-fjSdUw-w,"5339 Michigan Ave,Kansas City,Missouri,United States",39.029042,-94.56286569999999,1,64130,OK,premise
185,ROOFTOP,"3600 Roosevelt Ave, Indianapolis, IN 46218, USA",ChIJHQT3Sc5Ra4gRD8498LudKIk,"3600 block of Roosevelt Ave,Indianapolis,Indiana,United States",39.8001297,-86.1052405,1,46218,OK,street_address
186,ROOFTOP,"515 N Cherry St, Winston-Salem, NC 27101, USA",ChIJQ5g-sUOuU4gRPaG5LxJwABE,"515 N Cherry St,Winston Salem (Winston-salem),North Carolina,United States",36.1002292,-80.2470644,1,27101,OK,premise
187,ROOFTOP,"940 N Pine St, Wilmington, DE 19801, USA",ChIJV58eUEb9xokR9vk-ZZDUDSU,"940 N Pine St,Wilmington,Delaware,United States",39.7428375,-75.541532,1,19801,OK,street_address
188,ROOFTOP,"433 Flournoy Lucas Rd, Shreveport, LA 71106, USA",ChIJl9TQR57UNoYR-nWCC8xWrn4,"433 Flournoy Lucas Rd,Shreveport,Louisiana,United States",32.389085,-93.7670301,1,71106,OK,street_address
189,RANGE_INTERPOLATED,"500 Kissimmee St, Tallahassee, FL 32310, USA",Eiw1MDAgS2lzc2ltbWVlIFN0LCBUYWxsYWhhc3NlZSwgRkwgMzIzMTAsIFVTQSIbEhkKFAoSCQmFfZxA9eyIEckE5Pa57gD8EPQD,"500 block of Kissimmee St,Tallahassee,Florida,United States",30.4225982,-84.2896729,1,32310,OK,street_address
190,RANGE_INTERPOLATED,"6300 S Seeley Ave, Chicago, IL 60636, USA",Eik2MzAwIFMgU2VlbGV5IEF2ZSwgQ2hpY2FnbywgSUwgNjA2MzYsIFVTQSIbEhkKFAoSCY0b2B5LLg6IEfmFmo6mGJjbEJwx,"6300 block of S Seeley Ave,Chicago,Illinois,United States",41.7793072,-87.6751244,1,60636,OK,street_address
191,ROOFTOP,"100 Allen Ave, Panama City, FL 32401, USA",ChIJZx30GRCBk4gRnf0xsNF2kWg,"100 block of Allen Ave,Panama City,Florida,United States",30.146067,-85.6543447,1,32401,OK,premise
192,ROOFTOP,"300 Eagle Ct, Stockbridge, GA 30281, USA",ChIJTen_5bJX9IgRRqE4b3UCIXE,"300 block of Eagle Ct,Stockbridge,Georgia,United States",33.5269155,-84.2404542,1,30281,OK,premise
193,ROOFTOP,"13195 MS-18, Hermanville, MS 39086, USA",ChIJK90n_pmUKIYRRRTIBRtqs-o,"13195 MS 18,Hermanville,Mississippi,United States",31.961841,-90.83892,1,39086,OK,street_address
194,RANGE_INTERPOLATED,"300 E 13th St, Covington, KY 41011, USA",EiczMDAgRSAxM3RoIFN0LCBDb3Zpbmd0b24sIEtZIDQxMDExLCBVU0EiGxIZChQKEgmzp5tJPbFBiBFf0Myqxirf1RCsAg,"300 block of 13th St,Covington,Kentucky,United States",39.0772536,-84.503489,1,41011,OK,street_address
195,ROOFTOP,"500 N Hamlin Ave, Chicago, IL 60624, USA",ChIJo_FOJMkyDogRcQYp_RsBxSU,"500 block of N Hamlin Ave,Chicago,Illinois,United States",41.890091,-87.721392,1,60624,OK,street_address
196,ROOFTOP,"3041 Landrum Dr SW, Atlanta, GA 30311, USA",ChIJBRQCZq8d9YgR_x3KwDqyJHI,"3041 Landrum Dr SW,Atlanta,Georgia,United States",33.7079189,-84.487122,1,30311,OK,street_address
197,RANGE_INTERPOLATED,"1900 Jacksonville Rd, North Charleston, SC 29405, USA",EjUxOTAwIEphY2tzb252aWxsZSBSZCwgTm9ydGggQ2hhcmxlc3RvbiwgU0MgMjk0MDUsIFVTQSIbEhkKFAoSCe9vDkzWev6IEYyatDFHybzeEOwO,"1900 block of Jacksonville Rd,North Charleston,South Carolina,United States",32.8472343,-79.9610807,1,29405,OK,street_address
198,RANGE_INTERPOLATED,"6200 Boston St, Baltimore, MD 21224, USA",Eig2MjAwIEJvc3RvbiBTdCwgQmFsdGltb3JlLCBNRCAyMTIyNCwgVVNBIhsSGQoUChIJzQXtFVMByIkR8JaXmsPxpIAQuDA,"6200 block of Boston St,Baltimore,Maryland,United States",39.2780308,-76.54157579999999,1,21224,OK,street_address
199,RANGE_INTERPOLATED,"2400 W San Miguel, North Las Vegas, NV 89032, USA",EjEyNDAwIFcgU2FuIE1pZ3VlbCwgTm9ydGggTGFzIFZlZ2FzLCBOViA4OTAzMiwgVVNBIhsSGQoUChIJ3_uz3u_pyIARTKly36bFY98Q4BI,"2400 block of W San Miguel St,North Las Vegas,Nevada,United States",36.235894,-115.1758532,1,89032,OK,street_address
200,ROOFTOP,"1300 Fillmore St, San Francisco, CA 94115, USA",ChIJd5Ym0LuAhYARlLhuhvwPNAE,"1300 Fillmore St,San Francisco,California,United States",37.781588,-122.4321368,1,94115,OK,street_address
201,ROOFTOP,"2202 W McDowell Rd, Phoenix, AZ 85009, USA",ChIJkZVemrATK4cRPzz3W1MeAe4,"2202 W McDowell Rd,Phoenix,Arizona,United States",33.466165,-112.1066706,1,85009,OK,premise
202,ROOFTOP,"8526 N 27th Ave, Phoenix, AZ 85051, USA",ChIJPU5KGvVsK4cRNXEMEfyHzpE,"8526 N 27th Ave,Phoenix,Arizona,United States",33.561375,-112.1171963,1,85051,OK,premise
203,RANGE_INTERPOLATED,"900 Broad St, Augusta, GA 30901, USA",EiQ5MDAgQnJvYWQgU3QsIEF1Z3VzdGEsIEdBIDMwOTAxLCBVU0EiGxIZChQKEgnjgh6Nbsz5iBGx_kYLWYetpBCEBw,"900 block of Broad St,Augusta,Georgia,United States",33.4758643,-81.9675384,1,30901,OK,street_address
204,GEOMETRIC_CENTER,"Dennis St, Rochelle, GA 31079, USA",ChIJo0v4v_mO8YgRI7pilqD7gV4,"Dennis St,Rochelle,Georgia,United States",31.9527985,-83.4683149,1,31079,OK,route
205,ROOFTOP,"600 Fremont St, Las Vegas, NV 89101, USA",ChIJnYgrAXXDyIARfgysW2DfFXs,"600 E Fremont St,Las Vegas,Nevada,United States",36.1690762,-115.1389825,1,89101,OK,premise
206,ROOFTOP,"619 Ferry Ave, Camden, NJ 08104, USA",ChIJHS1qXdDIxokRPxdo3bBhJeo,"619 Ferry Ave,Camden,New Jersey,United States",39.9216792,-75.1172529,1,08104,OK,premise
207,ROOFTOP,"515 Dauphin Island Pkwy, Mobile, AL 36606, USA",ChIJz6e_WHROmogRsU6SI0XoUpo,"515 Dauphin Island Pkwy,Mobile,Alabama,United States",30.6720433,-88.08677490000001,1,36606,OK,premise
208,ROOFTOP,"5145 Airway Blvd, Missoula, MT 59808, USA",ChIJO_wH45TPXVMRCaquI4Oe8nk,"5145 Airway Blvd,Missoula,Montana,United States",46.9214175,-114.0720695,1,59808,OK,premise
209,ROOFTOP,"291 12th Ave, Paterson, NJ 07514, USA",ChIJORZiPkH8wokR4tWa06Pv6SA,"291 12th Ave,Paterson,New Jersey,United States",40.9205806,-74.1520489,1,07514,OK,premise
210,RANGE_INTERPOLATED,"2700 San Jacinto Ave, Shreveport, LA 71109, USA",Ei8yNzAwIFNhbiBKYWNpbnRvIEF2ZSwgU2hyZXZlcG9ydCwgTEEgNzExMDksIFVTQSIbEhkKFAoSCRdw2N2FzTaGEbpEbDLCJ_gCEIwV,"2700 block of San Jacinto Ave,Shreveport,Louisiana,United States",32.4867168,-93.7931052,1,71109,OK,street_address
211,GEOMETRIC_CENTER,"15th St & Market St, Denver, CO 80202, USA",EioxNXRoIFN0ICYgTWFya2V0IFN0LCBEZW52ZXIsIENPIDgwMjAyLCBVU0EiZiJkChQKEglNTTMDxXhshxH7FWv_P67o5RIUChIJTU0zA8V4bIcR-xVr_z-u6OUaFAoSCSHIHFbEeGyHER3tk5WMEr0mGhQKEgnn_ypZ23hshxHcQpEnrsMKlyIKDTU1sRcVRVlqwQ,"15th St and Market St,Denver,Colorado,United States",39.7489461,-104.9994939,1,80202,OK,intersection
212,ROOFTOP,"316 14th St, Oakland, CA 94612, USA",ChIJoT3xi7SAj4AR_oMoYXYIfno,"316 14th St,Oakland,California,United States",37.8033163,-122.2678922,1,94612,OK,premise
213,ROOFTOP,"2900 E 79th St, Chicago, IL 60649, USA",ChIJL3O7YhYoDogRDIQLcZXjDP4,"2900 block of E 79th St,Chicago,Illinois,United States",41.75204180000001,-87.5538227,1,60649,OK,street_address
214,ROOFTOP,"723 E 25th Ave, Pine Bluff, AR 71601, USA",ChIJyUX_E7Y8LYYR9sDwqdu00BE,"723 East 25th Ave,Pine Bluff,Arkansas,United States",34.20485499999999,-91.9939452,1,71601,OK,premise
215,ROOFTOP,"9755 Edes Ave, Oakland, CA 94603, USA",ChIJaUZo5YSFj4AR_S11XSo88n0,"9755 Edes Ave,Oakland,California,United States",37.7364154,-122.1841065,1,94603,OK,street_address
216,ROOFTOP,"1100 Carnation Dr, Birmingham, AL 35215, USA",ChIJL1wIz1MOiYgRog0Y85bfoaI,"1100 block of Carnation Dr,Birmingham,Alabama,United States",33.610606,-86.6971622,1,35215,OK,premise
217,RANGE_INTERPOLATED,"500 Bloom St, Baltimore, MD 21217, USA",EiY1MDAgQmxvb20gU3QsIEJhbHRpbW9yZSwgTUQgMjEyMTcsIFVTQSIbEhkKFAoSCYcDDjS0BMiJEZ5-Cx5z2wcCEPQD,"500 block of Bloom St,Baltimore,Maryland,United States",39.3083747,-76.6365099,1,21217,OK,street_address
218,ROOFTOP,"600 N Miles St, Elizabethtown, KY 42701, USA",ChIJQx6wQdDoaIgR9slOfSRuEZI,"600 N Miles St,Elizabethtown,Kentucky,United States",37.702787,-85.8575134,1,42701,OK,premise
219,RANGE_INTERPOLATED,"12800 Eastbrook Dr, Houston, TX 77013, USA",EioxMjgwMCBFYXN0YnJvb2sgRHIsIEhvdXN0b24sIFRYIDc3MDEzLCBVU0EiGxIZChQKEgmzwO1gu6RAhhFArHnq-fqVJxCAZA,"12800 block of Eastbrook Dr,Houston,Texas,United States",29.7919896,-95.2116111,1,77013,OK,street_address
220,ROOFTOP,"529 N College St, Covington, TN 38019, USA",ChIJC4er_iM-f4gRBw55J8E_QIo,"529 N College St,Covington,Tennessee,United States",35.5710678,-89.6484222,1,38019,OK,premise
221,ROOFTOP,"504 S Van Buren St, Henderson, TX 75654, USA",ChIJkf__ojfJN4YRiUpN31eyfyE,"504 S Van Buren St,Henderson,Texas,United States",32.1494737,-94.8018101,1,75654,OK,street_address
222,ROOFTOP,"664 E Illinois St, Evansville, IN 47711, USA",ChIJ7Wqw_mvVcYgRpjNu9gnpsVU,"664 E Illinois St,Evansville,Indiana,United States",37.979329,-87.554693,1,47711,OK,street_address
223,GEOMETRIC_CENTER,"Elk Pl & Tulane Ave, New Orleans, LA 70112, USA",Ei9FbGsgUGwgJiBUdWxhbmUgQXZlLCBOZXcgT3JsZWFucywgTEEgNzAxMTIsIFVTQSJmImQKFAoSCZHtNtjhpSCGEcuXKKySMFZTEhQKEgmR7TbY4aUghhHLlyiskjBWUxoUChIJb2aCEgqmIIYRr1dAuYaxlRcaFAoSCe1GRFWNpSCGEb5uERDMgeGOIgoNZ7TaERXatE_K,"Tulane Ave and Elk Pl,New Orleans,Louisiana,United States",29.9545703,-90.0746022,1,70112,OK,intersection
224,ROOFTOP,"1214 Foxhill Dr, Clinton, MS 39056, USA",ChIJ_eMpZ8pKKIYR6e9GrIi31U8,"1214 Foxhill Dr,Clinton,Mississippi,United States",32.3524829,-90.3194259,1,39056,OK,premise
225,ROOFTOP,"641 Archer Ave, Aurora, IL 60506, USA",ChIJUbHj9FDlDogReQSsnWL-acc,"641 Archer Ave,Aurora,Illinois,United States",41.7563683,-88.33273679999999,1,60506,OK,premise
226,ROOFTOP,"3628 FM3126, Livingston, TX 77351, USA",ChIJDx7aEOGBOIYRHRkDsN51b0I,"3628 FM 3126,Livingston,Texas,United States",30.7249679,-95.05633530000001,1,77351,OK,street_address
227,ROOFTOP,"109 Perry St, Petersburg, VA 23803, USA",ChIJ6ebytnamsYkR1o1Re-0CuqY,"109 Perry St,Petersburg,Virginia,United States",37.2247565,-77.4082937,1,23803,OK,premise
228,ROOFTOP,"1778 Fulton St, Brooklyn, NY 11233, USA",ChIJCTMilHBcwokRyTAzMTgIKFc,"1778 Fulton St,Brooklyn,New York,United States",40.67908,-73.9283693,1,11233,OK,street_address
229,ROOFTOP,"538 Hot Wells Blvd, San Antonio, TX 78223, USA",ChIJoy_Pubn3XIYRvc6pSyq9_bs,"538 Hot Wells Blvd,San Antonio,Texas,United States",29.367952,-98.45898190000001,1,78223,OK,street_address
230,ROOFTOP,"2341 Pennsylvania Ave SE, Washington, DC 20020, USA",ChIJUfBjIay5t4kRAV1omqThqNE,"2341 Pennsylvania Ave SE,Washington,District of Columbia,United States",38.8736444,-76.9717545,1,20020,OK,premise
231,RANGE_INTERPOLATED,"4000 Topeka St, Baton Rouge, LA 70805, USA",Eio0MDAwIFRvcGVrYSBTdCwgQmF0b24gUm91Z2UsIExBIDcwODA1LCBVU0EiGxIZChQKEglnHm7lpKEmhhFmL8Cm1fDSqhCgHw,"4000 block of Topeka St,Baton Rouge,Louisiana,United States",30.4856355,-91.161113,1,70805,OK,street_address
232,GEOMETRIC_CENTER,"E Sunny Dunes Rd & El Placer Rd, Palm Springs, CA 92264, USA",EjxFIFN1bm55IER1bmVzIFJkICYgRWwgUGxhY2VyIFJkLCBQYWxtIFNwcmluZ3MsIENBIDkyMjY0LCBVU0EiZiJkChQKEgkDO4oMmxzbgBEuUYSFSRHOmRIUChIJAzuKDJsc24ARLlGEhUkRzpkaFAoSCec7s-eQHNuAEdss9P25jm2VGhQKEglX5qNAmxzbgBGbzbUpZ9PHxiIKDaFXJxQVx46Oug,"E Sunny Dunes Rd and El Placer Rd,Palm Springs,California,United States",33.8122657,-116.5062457,1,92264,OK,intersection
233,ROOFTOP,"938 E 75th St, Chicago, IL 60619, USA",ChIJBf0mCMEoDogR5g3EP5_DVnA,"938 E 75th St,Chicago,Illinois,United States",41.7588199,-87.60131830000002,1,60619,OK,premise
234,RANGE_INTERPOLATED,"6800 Springfield St, San Diego, CA 92114, USA",Ei02ODAwIFNwcmluZ2ZpZWxkIFN0LCBTYW4gRGllZ28sIENBIDkyMTE0LCBVU0EiGxIZChQKEgmdjBJaOFHZgBG0tXbVwkBDOBCQNQ,"6800 block of Springfield St,San Diego,California,United States",32.7285974,-117.0521667,1,92114,OK,street_address
235,ROOFTOP,"7815 Harding St, Houston, TX 77012, USA",ChIJrVsqqb29QIYR5HRzbTHKDi8,"7815 Harding St,Houston,Texas,United States",29.7093964,-95.28181119999999,1,77012,OK,premise
236,ROOFTOP,"901 Wildwood Crossings, Birmingham, AL 35211, USA",ChIJbd1rVt8fiYgRFLXc-8WOwpw,"Avenue O and Warrior Rd,Birmingham,Alabama,United States",33.4327212,-86.8446372,1,35211,OK,"establishment,point_of_interest"
237,ROOFTOP,"300 W Roosevelt Ave, Albany, GA 31701, USA",ChIJA5qotnx58ogRx-JwNo2vEB0,"300 block of W Roosevelt,Albany,Georgia,United States",31.5814776,-84.1548453,1,31701,OK,street_address
238,ROOFTOP,"2957 N Sherman Dr, Indianapolis, IN 46218, USA",ChIJ__-b5txRa4gRaBn5OveGec8,"2957 N Sherman Dr,Indianapolis,Indiana,United States",39.8102247,-86.1023471,1,46218,OK,street_address
239,ROOFTOP,"612 Bergen St, Newark, NJ 07108, USA",ChIJ-zmoxD5TwokRdLjx2iMky6o,"612 Bergen St,Newark,New Jersey,United States",40.723135,-74.1992269,1,07108,OK,street_address
240,ROOFTOP,"42350 Churchpoint Rd, Gonzales, LA 70737, USA",ChIJxe3IuxvKJoYR-xJLe18bAA0,"42350 Church Point Rd,Gonzales,Louisiana,United States",30.2405151,-90.8928986,1,70737,OK,premise
241,GEOMETRIC_CENTER,"1450 S Atherton St, State College, PA 16801, USA",ChIJbZqPqLOozokRIDRIhTGuehQ,"1450 S Atherton St,State College,Pennsylvania,United States",40.7843394,-77.83994430000001,1,16801,OK,premise
242,ROOFTOP,"319 Williamson St, Rockmart, GA 30153, USA",ChIJLRtqVhvJiogRYsSSA9Upabg,"319 Williamson St,Rockmart,Georgia,United States",33.9981833,-85.059614,1,30153,OK,street_address
243,ROOFTOP,"1901 US-27, Sebring, FL 33870, USA",ChIJlZEgD9lZ3IgRagEdEe5udqM,"1901 US 27 S,Sebring,Florida,United States",27.4705304,-81.4584039,1,33870,OK,street_address
244,RANGE_INTERPOLATED,"26133 SW 139th Ave, Miami, FL 33177, USA",EigyNjEzMyBTVyAxMzl0aCBBdmUsIE1pYW1pLCBGTCAzMzE3NywgVVNBIhwSGgoUChIJWTkZxE7C2YgRAYhuKhKMwbwQlcwB,"26133 SW 139th Ave,Miami,Florida,United States",25.600391,-80.41770819999999,1,33177,OK,street_address
245,ROOFTOP,"1140 Church St, Lebanon, PA 17046, USA",ChIJ637WmOwCxokRJ86KJ0QitKo,"1140 Church St,Lebanon,Pennsylvania,United States",40.343537,-76.4315529,1,17046,OK,street_address
246,ROOFTOP,"7041 Sherman St, Houston, TX 77011, USA",ChIJ8_o82jG8QIYR7LAk9mYDMWU,"7041 Sherman St,Houston,Texas,United States",29.7372539,-95.299408,1,77011,OK,premise
247,ROOFTOP,"1435 Wilcox Ave, Gaffney, SC 29340, USA",ChIJf5aqUsgbV4gRS1xgTaS7NiU,"1435 Wilcox Ave,Gaffney,South Carolina,United States",35.11063490000001,-81.6040702,1,29340,OK,street_address
248,ROOFTOP,"4400 W Madison St, Chicago, IL 60624, USA",ChIJCW1Pa98yDogR44k2snNcYxE,"4400 block of W Madison St,Chicago,Illinois,United States",41.881017,-87.73576399999999,1,60624,OK,street_address
249,ROOFTOP,"11445 Brian Lakes Dr N, Jacksonville, FL 32221, USA",ChIJq5AFDgbA5YgRAJoEVE9_440,"11445 Brian Lakes Drive,Jacksonville,Florida,United States",30.2693846,-81.8562012,1,32221,OK,premise
250,ROOFTOP,"940 Audubon Ave, Owensboro, KY 42301, USA",ChIJR5iUdw66b4gRud_AEK9KRkQ,"940 Audubon Ave,Owensboro,Kentucky,United States",37.765196,-87.12742279999999,1,42301,OK,premise
251,GEOMETRIC_CENTER,"Spring Park Rd & Emerson St, Jacksonville, FL 32207, USA",EjhTcHJpbmcgUGFyayBSZCAmIEVtZXJzb24gU3QsIEphY2tzb252aWxsZSwgRkwgMzIyMDcsIFVTQSJmImQKFAoSCT3MHHxCtuWIEZwRmYzHgFQHEhQKEgk9zBx8QrbliBGcEZmMx4BUBxoUChIJP7oYS2q25YgRLcNqBX6teCgaFAoSCR85nvpDtuWIEeYYZc2UO25TIgoNLg4OEhVS5FjP,"Emerson St and Spring Park Rd,Jacksonville,Florida,United States",30.2911022,-81.6257966,1,32207,OK,intersection
252,GEOMETRIC_CENTER,"40th St W & Ranch Center Dr, Palmdale, CA 93551, USA",EjQ0MHRoIFN0IFcgJiBSYW5jaCBDZW50ZXIgRHIsIFBhbG1kYWxlLCBDQSA5MzU1MSwgVVNBImYiZAoUChIJwTljkDNZwoAR5s4M9qpl4iUSFAoSCcE5Y5AzWcKAEebODPaqZeIlGhQKEglX8o-QL1nCgBE5m1ev7fPKBhoUChIJEb2emjNZwoARegZCL4a0RIMiCg09AZ0UFQzFi7k,"Ranch Center Dr and 40th St W,Palmdale,California,United States",34.5833789,-118.2022388,1,93551,OK,intersection
253,ROOFTOP,"5420 Baseline Rd, Little Rock, AR 72209, USA",ChIJ1wgOMXml0ocR1uWfMjgXpPw,"5420 Baseline Rd,Little Rock,Arkansas,United States",34.6693174,-92.3386118,1,72209,OK,premise
254,ROOFTOP,"2445 E Van Buren St, Phoenix, AZ 85008, USA",ChIJlVzWQQoOK4cRtp9InskxnK0,"2445 E Van Buren St,Phoenix,Arizona,United States",33.4510169,-112.0280608,1,85008,OK,premise
255,ROOFTOP,"1300 W College Blvd, Roswell, NM 88201, USA",ChIJ5SCLi-xu4oYR8d-xef-1uOI,"1300 block of W College Blvd,Roswell,New Mexico,United States",33.4085055,-104.5396624,1,88201,OK,premise
256,ROOFTOP,"3197 Shula Dr, Hurt, VA 24563, USA",ChIJez-QeJ6zsokRb46OQRoagMs,"3197 Shula Dr,Hurt,Virginia,United States",37.0559889,-79.33295199999999,1,24563,OK,street_address
257,ROOFTOP,"22501 Hawthorne Blvd, Torrance, CA 90505, USA",ChIJowAn3CVL3YAR-dEUgKxUvk4,"22501 Hawthorne Blvd,Torrance,California,United States",33.8239827,-118.3523128,1,90505,OK,premise
258,ROOFTOP,"3800 E County 18th St, Yuma, AZ 85365, USA",ChIJvdTQKwdd1oAR_BlrNMzLFT0,"3800 block of E. County 18 St,Yuma,Arizona,United States",32.56769,-114.5665888,1,85365,OK,street_address
259,ROOFTOP,"3516 Galaxy St, Jonesboro, AR 72401, USA",ChIJ02PONQss1IcRSSwjH01dZDQ,"3516 Galaxy St,Jonesboro,Arkansas,United States",35.8222345,-90.6585807,1,72401,OK,premise
260,ROOFTOP,"1709 Decker Blvd, Columbia, SC 29206, USA",ChIJx9Actf-u-IgRFuJZF9L37Uc,"1709 Decker Blvd,Columbia,South Carolina,United States",34.0437454,-80.941347,1,29206,OK,subpremise
261,ROOFTOP,"2020 W Pensacola St, Tallahassee, FL 32304, USA",ChIJOUyKqPv07IgRFntTg_Z7z1M,"2020 W Pensacola St,Tallahassee,Florida,United States",30.4421089,-84.31853869999999,1,32304,OK,premise
